Position,Aminoacid,A,R,N,D,C,Q,E,G,H,I,L,K,M,F,P,S,T,W,Y,V
1,S,3,-1,1,-1,-1,-1,-1,0,-1,-2,-2,-1,-1,-3,-1,3,0,-3,-2,-1
2,P,-1,-3,-3,-2,-3,-2,-2,-3,-3,-2,0,-2,-2,-3,8,-2,-2,-4,-3,-2
3,F,-4,0,-5,-5,-4,-5,-5,-2,-3,-2,0,-4,-2,8,-5,-4,-4,-1,1,0
4,V,-1,-1,-3,0,-2,-1,-1,-4,-3,3,2,-2,3,-1,-1,-2,0,-3,-2,2
5,G,-1,-1,-2,-1,-3,3,3,2,-2,-1,-2,0,-2,-4,-3,0,1,-4,-3,-2
6,N,1,1,2,-1,-3,0,1,-1,4,-3,-3,1,-3,-3,-3,2,-1,0,-2,-1
7,P,-4,-5,-5,-4,-6,-4,-4,-5,-5,-6,-6,-1,-5,-1,8,-4,-4,-6,-5,-5
8,G,1,0,0,-2,-3,2,0,0,1,-2,-2,-1,-2,-2,-2,3,2,-4,-3,-1
9,N,-1,-2,4,3,-4,1,3,-3,0,-4,-4,1,-3,-5,-3,2,-1,-5,-4,-4
10,I,-1,-1,-3,-3,-3,2,-1,-4,1,2,2,-1,1,-2,-3,-2,0,-3,-1,3
11,T,-1,-1,-1,-1,-3,-2,-1,-3,-3,1,-1,0,-2,-3,-3,2,4,-4,-3,1
12,G,1,-2,-2,-4,-3,-3,-3,-1,-4,1,-1,-3,-1,-3,-4,1,0,-4,-3,5
13,A,1,-1,0,-1,-2,-2,-2,-1,0,-1,0,-2,-2,-2,1,3,2,-3,0,-1
14,R,-1,1,-2,-2,-3,3,1,-3,-2,-1,2,0,-1,-2,1,-1,-1,-3,0,1
15,G,-1,-4,0,1,-5,-3,-2,6,-1,-6,-6,-3,-5,-5,-4,-2,-4,-5,-5,-5
16,L,-1,1,1,0,-3,1,2,1,0,-3,-2,2,-2,-4,-2,2,0,-4,-3,-3
17,T,-1,-2,-1,3,-3,0,0,-1,-3,-1,-3,-1,1,-2,3,2,2,-4,-3,-1
18,G,2,-4,-4,-4,-2,-3,-4,0,-4,2,-1,-3,0,-3,-4,-2,0,-4,-3,5
19,T,-1,3,-2,-2,-3,0,2,-2,-2,0,-2,1,1,-3,-3,1,2,-4,-3,0
20,L,-3,-4,-5,-6,-3,-4,-5,-5,-4,2,5,-4,4,3,-5,-4,-3,-3,-2,-1
21,R,-1,2,1,1,-3,2,1,-1,2,-4,-4,1,-3,-4,-1,2,1,-4,-3,-3
22,C,-4,-7,-6,-7,11,-6,-7,-6,-6,-4,-4,-6,-4,0,-6,-4,-4,-5,-5,-4
23,Q,1,3,-1,-2,-1,1,1,-2,0,-2,-1,0,-2,0,-1,1,1,-3,0,-1
24,L,2,-3,-3,-4,2,-3,-3,-3,-4,3,1,-2,-1,-1,-1,-1,0,-4,-2,3
25,Q,-1,1,0,-1,-4,3,3,-3,1,-4,-2,2,-2,-4,0,0,2,-4,-1,-3
26,V,1,-4,-2,-3,-4,-1,-3,6,-4,-4,-3,-3,-4,-4,-4,1,-3,-4,-4,-1
27,Q,-1,1,1,1,-2,2,1,-1,-1,0,0,-1,1,0,-2,-1,1,-2,-1,1
28,G,0,-2,-1,-1,-2,1,1,2,-2,-1,-2,-1,-2,-2,4,1,-1,-2,-2,-1
29,E,-2,-1,0,1,-4,-1,3,0,-1,-3,-4,2,-3,-2,5,-2,-2,-5,-3,0
30,P,-1,-3,-2,0,-3,-2,-2,-3,-3,-3,-1,-2,-1,-1,7,-1,-1,-3,-3,-3
31,P,-2,-5,-5,-4,-5,-4,-4,-5,-5,-4,0,-4,-4,-5,8,-3,-4,-6,-5,-4
32,E,-2,-1,0,3,-4,3,4,-3,-2,-3,-4,-1,-3,-4,-3,1,1,-4,-3,0
33,V,-3,-4,-5,-5,-3,-4,-5,-5,-4,5,1,-4,1,0,-4,-4,-1,-4,1,4
34,H,-1,-1,0,-2,-2,1,0,-2,2,0,0,-1,1,-1,-3,1,3,-3,0,0
35,W,-6,-6,-7,-8,-6,-6,-6,-6,-6,-6,-5,-7,-5,-3,-7,-6,-6,13,-1,-6
36,L,-2,1,-3,-3,-3,1,1,-4,-3,0,3,0,4,1,-3,-1,-1,-3,-2,-1
37,R,-3,5,-2,-3,-5,0,-2,-4,0,-5,-4,6,-3,-5,-4,-2,-2,-5,-4,-2
38,D,-4,-4,3,7,-6,-3,0,-1,0,-6,-6,-3,-5,-6,-4,-3,-3,-7,-5,-6
39,G,-2,-5,-3,-2,-5,-4,-3,7,-4,-6,-6,-4,-5,-6,-5,-2,-4,-5,-6,-6
40,Q,0,2,-1,0,-3,4,2,-3,0,-1,-2,2,0,-3,-3,0,-1,0,-1,0
41,I,0,-3,-1,-3,-4,-1,0,-3,0,0,-2,0,-1,-2,6,-2,-2,-4,-2,1
42,L,-3,-4,-5,-5,-3,-4,-5,-5,-5,2,5,-4,0,-1,-5,-4,-2,-4,-3,3
43,E,0,1,1,3,-3,1,3,-1,3,-3,-3,-1,-2,-1,-2,1,-1,-3,-1,-3
44,L,-1,-1,0,-2,-2,-1,0,-3,-2,-1,2,-1,-1,2,-1,0,1,0,3,-1
45,A,3,-2,-1,-1,-2,0,0,1,-1,-2,-2,-1,0,-3,-2,2,1,-3,-2,0
46,D,-2,-2,1,6,-3,-1,1,-1,-2,-3,-3,-1,-3,-3,0,0,-2,-3,-3,-2
47,S,0,-1,1,1,-2,0,0,0,-1,-1,-1,0,-1,-2,0,3,2,-3,-2,-1
48,T,-1,0,3,1,-2,-1,1,1,-1,-2,-2,-1,-1,-2,-1,1,2,-2,-1,-2
49,Q,-2,4,-1,-1,-3,4,-1,-2,4,0,-2,1,-2,-2,-2,-1,-1,-2,1,-2
50,T,0,-1,-2,-2,-2,-1,-1,-2,-2,1,1,-2,2,2,0,-1,1,-1,2,1
51,Q,-2,2,-2,-2,-3,5,-1,-3,-1,-1,0,1,-1,-1,-3,-1,1,0,2,-1
52,V,-2,-3,-3,-3,-2,-3,-3,-3,-3,3,2,-3,3,0,-3,-3,-2,-3,0,4
53,P,0,2,0,-1,-2,1,1,-2,3,-3,-2,1,-2,-1,4,0,-1,-2,1,-2
54,L,0,-1,0,-2,-1,-1,-1,0,-2,1,2,-1,1,0,0,0,0,-2,-1,1
55,G,0,-1,2,1,-2,-1,0,3,-1,-2,-1,0,-1,-2,-1,1,0,-2,-1,-2
56,E,-1,0,1,2,-2,1,2,1,0,-1,-1,0,-1,-1,-1,-1,-1,-2,-1,0
57,D,-1,0,0,2,-2,2,2,-1,-1,-1,-1,0,-1,-1,0,0,0,-1,0,0
58,E,-1,0,-1,1,-1,1,1,0,-1,1,0,0,1,-1,1,0,0,0,-1,0
59,Q,0,0,0,0,-1,2,0,1,0,-1,-1,0,-1,-1,2,0,0,-1,0,-1
60,D,0,1,1,1,-1,0,0,0,2,-1,-1,0,-1,-1,-1,1,0,-1,0,-1
61,D,0,1,0,1,-2,0,1,0,3,-2,-2,0,-1,-2,1,2,0,1,-1,-2
62,W,-2,-2,0,-2,-2,0,0,0,-1,-2,0,-1,-1,-1,-2,-1,-1,9,2,-2
63,I,0,-1,-1,0,-1,1,0,0,0,0,0,0,1,0,0,0,1,-1,-1,0
64,V,1,-1,0,-1,0,-1,-1,-1,-1,0,0,0,0,0,-1,0,0,-1,-1,2
65,V,0,-1,-1,0,-1,-1,0,0,0,1,0,0,1,1,0,-1,0,-1,0,1
66,S,0,-1,0,-1,-2,0,-1,1,0,-3,-3,-1,0,-3,-2,5,0,-3,-2,-2
67,Q,0,1,0,-1,-2,1,0,-2,-1,-1,-1,0,0,0,-2,1,2,-2,-1,1
68,L,-3,-4,-5,-5,-3,-4,-5,-5,-5,1,6,-4,0,-2,-5,-4,-3,-4,-1,1
69,R,-2,3,1,-2,-3,1,0,-3,1,0,-1,1,0,-3,-3,2,1,-3,-1,-2
70,I,-3,-4,-5,-5,-3,-2,-4,-5,0,6,2,-4,-1,-2,-4,-4,-3,-4,-3,2
71,T,-1,0,0,-1,-3,1,1,-1,0,-1,-2,2,-2,-3,1,2,2,-3,-1,-1
72,S,0,2,2,2,1,-1,0,1,-2,-4,-4,0,-3,-4,0,3,-1,-4,-3,-3
73,L,1,-3,-2,-4,-2,-3,-3,-4,0,1,2,-3,-1,-1,-1,0,-1,-4,-2,4
74,Q,-3,3,0,0,-5,6,1,-4,3,-5,-4,1,0,-5,-3,-1,-1,-4,-3,-4
75,L,0,2,-1,1,-3,2,1,-2,-2,-1,2,0,-1,-2,-1,-1,-2,-3,-3,0
76,S,1,-1,-1,0,-3,0,1,0,-2,-1,-1,-2,-2,-4,-1,4,1,-4,-3,-1
77,D,-4,-4,0,8,-6,-3,0,-4,-1,-6,-6,-3,-6,-6,-4,-3,-4,-7,-6,-6
78,T,3,-1,-2,-2,-3,0,1,0,0,-3,-2,0,3,-1,-3,2,1,-4,-2,-2
79,G,-1,-5,-3,-4,-5,-4,-5,7,-5,-6,-6,-4,-5,-6,-5,-3,-4,-5,-6,-6
80,Q,0,2,0,-1,-3,0,0,-2,0,0,0,2,0,-2,-2,1,1,-1,-2,0
81,Y,-5,-5,-5,-6,-6,-5,-5,-6,-1,-4,-4,-5,-4,1,-6,-5,-5,-1,9,-4
82,Q,-2,1,2,-2,-4,5,0,-3,1,-4,-4,-1,-1,-3,-2,-1,2,7,-2,-2
83,C,-4,-7,-6,-7,11,-6,-7,-6,-6,-5,-5,-6,-5,-6,-6,-4,-4,-6,-6,-4
84,L,0,-1,-2,-3,-2,1,0,-3,-2,1,1,-2,3,0,-3,-1,1,2,-1,2
85,V,4,-3,-4,-4,-2,-3,-3,-3,-4,-1,0,-3,1,-3,-3,-1,-1,-4,-3,3
86,F,-1,2,1,0,-3,0,2,-3,1,-1,-1,1,-2,1,-2,1,0,2,0,-1
87,L,0,-2,3,1,-2,-1,0,-2,-1,-1,1,-2,-1,1,-3,1,0,-3,0,-1
88,G,-1,-1,2,0,-4,-1,2,5,2,-4,-4,0,-3,-4,-3,-1,-2,-4,-3,-2
89,H,-1,0,-1,1,-3,-1,2,4,2,-4,-4,-1,-3,-3,-3,0,-1,-3,0,-3
90,Q,0,0,0,0,-3,1,3,2,-1,-3,-2,1,-2,-1,-2,0,0,-3,-2,-3
91,T,-1,0,0,-1,-3,2,2,-2,-2,-1,-2,1,1,-3,-2,1,4,-3,-2,-1
92,F,0,-2,-3,-3,-2,-2,0,-3,-3,3,1,-1,0,2,-3,-2,0,-2,-1,2
93,V,-1,0,0,-2,-2,0,-1,-2,-2,1,1,-1,0,1,-2,1,1,-2,-1,2
94,S,0,-2,-1,-1,-2,-1,-1,-2,-2,-3,-4,-1,-3,-4,-2,6,1,-4,-3,-3
