Position,Aminoacid,A,R,N,D,C,Q,E,G,H,I,L,K,M,F,P,S,T,W,Y,V,
1,S,2,-2,1,1,-2,-1,-1,-1,-2,-3,-3,-1,-2,-3,-2,5,0,-4,-3,-2,
2,P,-3,0,-3,-1,-5,-3,-3,-4,0,-4,-2,-2,-4,-5,8,-3,-3,-5,-4,-4,
3,F,-6,-2,-7,-7,-6,-6,-7,-4,-5,-2,0,-6,-3,9,-7,-6,-5,-3,1,-1,
4,V,-2,-1,-1,-3,-3,-2,-1,-4,-1,3,2,-1,2,-2,-3,-1,2,-4,-3,3,
5,G,-1,0,-2,-1,-4,3,3,0,2,-2,-2,0,-2,-4,-1,0,1,-4,-3,0,
6,N,0,0,2,-2,-4,1,2,0,5,-4,-4,0,-3,-4,-2,1,1,-2,-3,-2,
7,P,-5,-6,-4,-6,-7,-6,-5,-7,-2,-4,-4,-4,-3,-7,8,-4,-5,-8,-7,-1,
8,G,0,2,-1,-1,-4,2,1,1,-1,-2,-3,0,-2,-3,-3,2,3,-5,-4,-2,
9,N,-3,-2,5,4,-3,-1,1,-3,3,-5,-6,-1,-5,-4,-1,2,-1,-6,-4,-4,
10,I,-1,-1,-4,-3,-3,3,-2,-5,-1,3,1,-1,1,-2,-4,-2,1,-4,-3,3,
11,T,-2,0,-2,-2,-4,-1,-1,-4,-1,2,-1,-1,-1,-4,-4,1,5,-2,-4,2,
12,G,1,-2,-3,-5,-4,-3,-4,-2,-5,1,0,-2,-1,-4,-3,-1,0,-5,-4,5,
13,A,1,-1,1,-1,-3,0,-1,-1,0,0,0,-1,-1,-3,1,2,1,-4,-1,0,
14,R,0,2,-2,-2,-4,3,3,-4,-3,-1,1,0,0,-4,0,-1,-2,-4,-3,0,
15,G,-3,-5,0,0,-6,-5,-3,7,3,-7,-5,-3,-6,-4,-6,-3,-2,-6,-6,-6,
16,L,0,1,1,1,-4,2,2,0,1,-4,-3,2,-2,-4,-3,2,0,-4,-2,-3,
17,T,-2,-2,1,3,-4,-1,0,-2,-3,-3,-2,0,0,-4,3,2,3,-5,-4,-1,
18,G,3,-5,-5,-5,-2,-4,-5,-2,-2,2,0,-4,-1,-4,-5,-3,-1,-5,-3,5,
19,T,-2,2,-1,-2,-3,0,0,-3,1,0,-2,1,1,-1,-3,1,3,-2,-3,2,
20,L,-5,-6,-7,-7,-5,-6,-6,-7,-6,0,5,-6,4,5,-6,-6,-5,-4,-3,-3,
21,R,-2,2,3,1,-4,1,1,-2,3,-4,-4,0,-4,-3,1,1,1,-5,-3,-2,
22,C,-5,-8,-8,-8,12,-8,-9,-4,-8,-6,-6,-8,-6,-2,-8,-6,-6,-7,-7,-6,
23,Q,0,2,-1,-2,-2,1,2,-2,0,-2,-2,2,-2,-2,-2,2,1,-4,-1,0,
24,L,2,-4,-4,-5,0,-4,-4,-4,-5,3,0,-3,-2,-1,-2,-2,0,-5,-2,4,
25,Q,-2,2,0,0,-4,3,2,-2,2,-3,-2,2,-3,-4,1,1,1,-4,-1,-2,
26,V,1,-2,-2,-2,-2,-1,-3,5,-4,-1,-3,-3,-4,-5,-2,0,-2,-5,-5,0,
27,Q,-1,0,2,1,-2,1,0,-1,-1,0,0,0,0,0,1,0,0,-2,1,0,
28,G,0,-3,-1,0,-4,1,0,1,-3,-3,-2,-2,-4,-5,6,1,-2,-5,-4,-1,
29,E,-1,0,-1,2,-3,1,3,-1,-1,-2,-3,0,-3,-2,3,-1,-1,-4,-3,0,
30,P,-2,-3,-2,0,-5,-4,-3,-5,-2,-5,-3,-3,-2,-6,7,1,0,-6,-2,-5,
31,P,1,-3,-3,-3,-3,-1,-2,-3,-2,0,0,-2,-1,-1,6,-2,1,-2,0,0,
32,E,-1,0,1,2,-3,2,2,-1,0,-3,-3,2,-2,-3,-2,1,1,-3,-3,-1,
33,V,-4,-6,-6,-6,-4,-6,-6,-7,-6,6,0,-6,-1,-1,-6,-5,-2,-5,-1,4,
34,H,-1,1,0,-2,-3,0,0,-3,2,0,-1,-1,0,0,-3,2,4,-4,-1,-1,
35,W,-8,-8,-9,-10,-8,-7,-8,-8,-8,-8,-2,-8,-6,-4,-9,-8,-8,13,-3,-8,
36,L,-2,1,-3,-3,-4,2,1,-4,-3,-1,2,0,4,2,-4,-1,-1,3,2,-2,
37,R,-4,4,-4,-5,-6,-1,-3,-5,2,-6,-3,7,-5,-3,-5,-4,-2,0,-5,-3,
38,D,-2,-5,3,7,-6,-4,1,-1,1,-6,-7,-4,-6,-6,-5,-1,-4,-7,-6,-6,
39,G,-2,-2,-2,-1,-6,-5,-3,7,0,-7,-7,-2,-6,-7,-6,-2,-2,-6,-6,-6,
40,Q,0,2,-2,-1,0,3,2,-1,1,-2,-3,2,-1,-3,-3,1,0,-1,-2,-1,
41,I,0,-2,-2,-2,-4,1,1,-4,1,0,-1,0,0,-1,5,-1,-1,-1,-2,0,
42,L,-2,-2,-5,-2,-4,-5,-5,-6,-5,3,5,-5,1,-1,-5,-5,-2,-5,-1,2,
43,E,-1,1,1,2,-3,1,2,0,3,-2,-1,0,-1,-2,0,0,0,-3,0,-3,
44,L,-1,-1,1,-1,-3,0,0,-1,0,0,2,-1,0,1,0,0,0,0,1,-1,
45,A,2,-1,1,0,0,-1,-1,1,-1,-1,-1,-1,0,0,-1,1,1,-3,-2,0,
46,D,-2,-1,0,5,-4,-2,2,-1,0,-2,-3,0,-4,-2,1,0,-2,-4,-4,-1,
47,S,0,0,1,0,-2,-1,-1,1,1,-1,-2,0,-2,-3,0,3,1,-3,-1,-1,
48,T,-1,1,2,1,-2,1,1,0,1,-1,-1,0,0,-2,0,1,1,-1,-1,-1,
49,Q,-2,3,0,-1,-3,3,0,-1,4,-1,-2,0,-1,-1,-1,0,-1,-3,1,-2,
50,T,1,1,-2,-2,-2,-2,-2,-2,-1,2,0,-1,1,1,-1,-1,1,-2,0,2,
51,Q,-1,2,-1,-1,-3,5,0,-2,0,-1,0,-1,-2,-1,-1,-1,0,-1,1,0,
52,V,-1,-2,-3,-3,-2,-1,-2,-2,-3,3,2,-2,2,0,-2,-1,0,-2,-1,3,
53,P,-1,2,-1,-1,-3,1,0,-3,3,-2,-1,-1,-1,-3,5,0,-1,-3,-1,-2,
54,L,-1,0,-1,0,-2,-1,-1,0,-2,1,1,-1,0,0,0,0,0,0,0,0,
55,G,-1,0,0,0,-3,-1,0,4,-1,-1,-1,0,-2,-2,-1,1,-1,-1,-1,-2,
56,E,-1,0,1,2,-2,0,1,0,1,-1,0,0,-1,-1,0,0,0,-2,-1,-1,
57,D,-1,0,0,2,-2,1,1,0,-1,-1,0,0,0,-1,-1,0,0,-2,0,0,
58,E,0,0,0,2,-2,0,1,0,0,0,0,0,0,-1,0,0,0,0,-1,0,
59,Q,0,1,0,0,-2,2,0,1,0,-2,-1,0,-1,-1,1,0,1,-2,-1,-1,
60,D,0,0,2,1,-1,0,0,1,2,-1,-1,0,-1,-1,0,0,0,-2,0,-1,
61,D,0,0,0,0,-1,0,0,1,3,-1,-1,-1,-1,-1,1,1,0,-2,0,0,
62,W,-1,-1,-1,-1,-1,0,-1,-1,1,0,1,-1,0,1,0,0,0,5,1,0,
63,I,0,0,-1,-1,-1,0,0,0,-1,0,1,0,1,0,-1,0,0,0,-1,0,
64,V,0,-1,0,0,-1,0,-1,0,-1,0,0,-1,0,0,0,0,1,-1,0,1,
65,V,-1,0,1,-1,-2,0,0,-1,-1,1,0,-1,1,1,-1,0,0,-2,0,0,
66,S,0,-3,0,-1,-3,-1,-2,3,2,-3,-3,-1,-2,0,-3,4,-1,-3,-2,-2,
67,Q,0,0,1,-1,-3,1,0,-1,-2,-1,-1,0,-1,1,-3,2,2,-1,-2,0,
68,L,-4,-3,-4,-6,-5,-3,-5,-4,-6,1,5,-1,0,1,-6,-3,-4,-5,-4,1,
69,R,-2,3,0,-2,-4,1,0,-2,2,0,-2,1,0,-3,-3,2,2,-4,-1,-1,
70,I,-4,-2,-5,-3,-4,-2,-5,-1,1,7,1,-5,-2,-1,-5,-4,-3,-5,-4,1,
71,T,-1,1,0,-1,-3,1,0,-2,1,-2,-2,2,-2,-2,1,2,2,-4,-1,-2,
72,S,0,2,3,2,-1,0,1,0,1,-5,-5,0,-4,-5,-1,3,-2,-5,-3,-4,
73,L,1,-3,-2,-4,-3,-4,-4,-1,0,1,1,-2,-2,-2,-3,-1,0,-4,-3,5,
74,Q,-3,2,1,1,-5,5,0,-3,3,-3,-3,1,-2,-5,-4,0,0,-2,-4,-4,
75,L,0,3,-1,0,-3,1,2,-3,-1,-1,1,1,-1,-1,0,-1,-1,-4,-3,0,
76,S,1,-1,-1,0,-4,1,1,0,-1,-3,-2,-3,-2,-5,0,4,1,-5,-4,-3,
77,D,-6,-6,-1,8,-8,-5,-2,-6,1,-7,-8,-5,-7,-8,-6,-5,-3,-8,-7,-7,
78,T,3,-1,0,-1,-4,-1,2,0,-1,-4,-3,-1,2,-3,-4,2,1,-5,-2,-1,
79,G,-2,-7,-5,-6,-7,-6,-7,8,-7,-8,-8,-6,-7,-8,-7,-5,-6,-7,-8,-8,
80,Q,0,1,-1,-1,-3,0,1,-2,0,0,-1,1,0,0,-2,1,1,1,1,0,
81,Y,-7,-7,-7,-8,-8,-7,-7,-8,-3,-7,-6,-7,-6,0,-8,-7,-7,-3,10,-6,
82,Q,-3,2,0,-3,-5,4,0,-5,2,0,-3,-1,0,-2,-4,-2,2,6,-1,0,
83,C,-6,-9,-8,-9,12,-9,-9,-8,-9,-7,-7,-9,-7,-8,-8,-6,-6,-8,-8,-6,
84,L,0,1,-2,-3,-4,2,1,-4,-2,1,0,0,1,-2,-4,-1,0,-2,-2,3,
85,V,6,-5,-5,-6,-4,-5,-5,-3,-6,-2,-1,-5,0,-5,-5,-2,-1,-6,-5,3,
86,F,-2,2,2,0,-2,1,2,-3,0,-1,-2,1,-1,0,-3,1,2,2,-1,-1,
87,L,-2,-2,6,0,-4,-3,-2,-2,0,1,-1,-3,-3,-2,-4,2,1,-5,-3,0,
88,G,0,1,2,-1,-4,0,1,2,2,-1,-3,0,-1,-3,-1,1,-1,-4,-2,-1,
89,H,2,-2,2,1,-3,-2,-1,3,1,-1,-2,-1,-1,-1,-2,0,-1,-4,1,-1,
90,Q,-2,0,-1,-1,-5,0,1,5,-4,-2,-2,0,-2,-2,-3,-2,-2,-5,-3,-2,
91,T,-1,0,-1,-2,-4,2,3,-1,-1,-2,-2,0,-2,-3,-2,1,3,-5,-2,-2,
92,F,1,1,-2,-3,-1,-2,-1,-3,-2,4,1,-2,0,0,-2,-1,-1,-4,-3,2,
93,V,-1,0,-1,-1,-3,0,0,-3,0,0,1,-1,0,1,-3,1,1,-3,1,2,
94,S,1,-3,-4,-3,-5,-2,-4,-3,-5,-7,-7,-4,-6,-7,-5,7,0,-7,-6,-6,
95,Q,1,3,0,2,-2,4,1,-4,1,-3,-3,2,-3,-5,-2,-1,-1,0,-2,-3,
96,P,0,-1,1,0,-4,1,2,-4,0,-4,-5,1,-4,-5,5,0,1,-5,-3,-3,
97,G,6,-5,-5,-5,-4,-4,-4,2,-5,2,-4,-4,-4,-5,-4,-1,-2,-6,-5,1,
98,Y,-3,0,-1,-3,-4,1,-1,-4,2,-2,0,0,0,1,-4,1,2,4,4,-1,
99,V,-5,-6,-7,-7,-5,-6,-6,-7,-6,3,5,-6,0,-3,-6,-6,-4,-5,-4,3,
100,G,-2,0,0,-2,-4,4,1,-1,-3,-3,-3,0,-2,-5,-4,1,4,-5,-2,-1,
101,L,-4,-6,-6,-7,-4,-6,-6,-7,-7,3,2,-6,0,-4,-3,-5,-4,-6,-5,6,
102,E,1,-1,0,-1,-5,3,5,-3,1,-2,-4,0,-3,-2,-3,-1,-1,-5,-4,-3,
103,G,-3,-5,-3,-4,-5,-5,-5,7,-5,-7,-7,-4,-6,-6,-5,-3,-4,-5,-6,-6,
